[
	{
		"id": 1,
		"who": "Finn the Human",
		"wat": "A silly kid who wants to become a great hero one day.",
		"qty": 9
	},
	{
		"id": 2,
		"who": "Jake the Dog",
		"wat": "Finn's best friend is a wise, old dog with a big heart.",
		"qty": 42
	},
 	{
		"id": 3,
		"who": "Ice King",
		"wat": "Armed with a magic crown and an icy heart.",
		"qty": 0
	},
	{
		"id": 4,
		"who": "Princess Bubblegum",
		"wat": "A millionaire nerd enthusiast.",
		"qty": 24
	},
	{
		"id": 5,
		"who": "Marcy the Vampire",
		"wat": "Marceline is a wild rocker girl.",
		"qty": 9
	}
]